,bill_id,session_id,bill_number,status,status_desc,status_date,title,description,committee_id,committee,last_action_date,last_action,url,state_link,verb,ed,remain_description,question,year
3387,63021,30,SBX36,4,Passed,2009-02-20,Human services.,"An act to amend Sections 4639.5, 4640.6, 11453, 12201, 12305.1, and 12306.1 of, and to add Sections 11450.02 and 12200.019 to, and to add and repeal Section 12200.018 of the Welfare and Institutions Code, relating to human services, and declaring the urgency thereof, to take effect immediately.",0,,2009-02-20,"Chaptered by Secretary of State. Chapter 13, Statutes of 2009-10 Third Extraordinary Session.",https://legiscan.com/CA/bill/SBX36/2009,http://www.leginfo.ca.gov/cgi-bin/postquery?bill_number=sbx3_6&sess=0910&house=S,amend,amended,"Sections 4639.5, 4640.6, 11453, 12201, 12305.1, and 12306.1 of, and to add Sections 11450.02 and 12200.019 to, and to add and repeal Section 12200.018 of the Welfare and Institutions Code, relating to human services, and declaring the urgency thereof, to take effect immediately.","amended Sections 4639.5, 4640.6, 11453, 12201, 12305.1, and 12306.1 of, and to add Sections 11450.02 and 12200.019 to, and to add and repeal Section 12200.018 of the Welfare and Institutions Code, relating to human services, and declaring the urgency thereof, to take effect immediately.",2009
114,59934,30,AB66,4,Passed,2009-10-11,Pupil work permits.,"An act to amend Section 49110 of the Education Code, relating to schools.",0,,2009-10-11,"Chaptered by Secretary of State - Chapter 214, Statutes of 2009.",https://legiscan.com/CA/bill/AB66/2009,http://www.leginfo.ca.gov/cgi-bin/postquery?bill_number=ab_66&sess=0910&house=A,amend,amended,"Section 49110 of the Education Code, relating to schools.","amended Section 49110 of the Education Code, relating to schools.",2009
3416,63106,30,SBX51,4,Passed,2010-01-07,Public schools: Race to the Top.,"An act to amend Sections 52052.5, 60601, 60603, 60604, 60605.6, 60606, 60640, 60643, 60643.1, and 60900 of, to add Sections 10601.6, 10802.5, 10807, 49079.7, 44227.2, 60604.5, 60605.7, 60605.8, and 60605.9 to, and to add Chapter 18 (commencing with Section 53100) to Part 28 of Division 4 of Title 2 of, the Education Code, and to amend Section 1095 of the Unemployment Insurance Code, relating to public schools.",0,,2010-01-07,"Chaptered by Secretary of State. Chapter 2, Statutes of 2009-10 Fifth Extraordinary Session.",https://legiscan.com/CA/bill/SBX51/2009,http://www.leginfo.ca.gov/cgi-bin/postquery?bill_number=sbx5_1&sess=0910&house=S,amend,amended,"Sections 52052.5, 60601, 60603, 60604, 60605.6, 60606, 60640, 60643, 60643.1, and 60900 of, to add Sections 10601.6, 10802.5, 10807, 49079.7, 44227.2, 60604.5, 60605.7, 60605.8, and 60605.9 to, and to add Chapter 18 (commencing with Section 53100) to Part 28 of Division 4 of Title 2 of, the Education Code, and to amend Section 1095 of the Unemployment Insurance Code, relating to public schools.","amended Sections 52052.5, 60601, 60603, 60604, 60605.6, 60606, 60640, 60643, 60643.1, and 60900 of, to add Sections 10601.6, 10802.5, 10807, 49079.7, 44227.2, 60604.5, 60605.7, 60605.8, and 60605.9 to, and to add Chapter 18 (commencing with Section 53100) to Part 28 of Division 4 of Title 2 of, the Education Code, and to amend Section 1095 of the Unemployment Insurance Code, relating to public schools.",2010
2725,71341,30,AB2510,4,Passed,2010-09-30,Public employees' retirement: contracting agencies:,"An act to add Section 22894 to the Government Code, relating to public employees' retirement.",0,,2010-09-30,"Chaptered by Secretary of State - Chapter 600, Statutes of 2010.",https://legiscan.com/CA/bill/AB2510/2009,http://www.leginfo.ca.gov/cgi-bin/postquery?bill_number=ab_2510&sess=0910&house=A,add,added,"Section 22894 to the Government Code, relating to public employees' retirement.","added Section 22894 to the Government Code, relating to public employees' retirement.",2010
596,60296,30,AB428,4,Passed,2009-10-11,Criminal history records.,"An act to amend Section 11105 of the Penal Code, relating to criminal history records.",0,,2009-10-11,"Chaptered by Secretary of State - Chapter 441, Statutes of 2009.",https://legiscan.com/CA/bill/AB428/2009,http://www.leginfo.ca.gov/cgi-bin/postquery?bill_number=ab_428&sess=0910&house=A,amend,amended,"Section 11105 of the Penal Code, relating to criminal history records.","amended Section 11105 of the Penal Code, relating to criminal history records.",2009
674,60366,30,AB498,4,Passed,2010-09-27,Vehicles: special interest license plates and decals:,"An act to amend Section 5101.5 of the Vehicle Code, relating to vehicles.",0,,2010-09-27,"Chaptered by Secretary of State - Chapter 345, Statutes of 2010.",https://legiscan.com/CA/bill/AB498/2009,http://www.leginfo.ca.gov/cgi-bin/postquery?bill_number=ab_498&sess=0910&house=A,amend,amended,"Section 5101.5 of the Vehicle Code, relating to vehicles.","amended Section 5101.5 of the Vehicle Code, relating to vehicles.",2010
4608,69590,30,SB1058,4,Passed,2010-09-28,Hunting and fishing.,"An act to amend Sections 331, 332, 3686, 4332, 4656, 4751, 4902, and 4903 of, to add Section 3953 to, to repeal Section 3685 of, and to repeal and add Sections 3684 and 4334 of, the Fish and Game Code, relating to hunting.",0,,2010-09-28,"Chaptered by Secretary of State. Chapter 408, Statutes of 2010.",https://legiscan.com/CA/bill/SB1058/2009,http://www.leginfo.ca.gov/cgi-bin/postquery?bill_number=sb_1058&sess=0910&house=S,amend,amended,"Sections 331, 332, 3686, 4332, 4656, 4751, 4902, and 4903 of, to add Section 3953 to, to repeal Section 3685 of, and to repeal and add Sections 3684 and 4334 of, the Fish and Game Code, relating to hunting.","amended Sections 331, 332, 3686, 4332, 4656, 4751, 4902, and 4903 of, to add Section 3953 to, to repeal Section 3685 of, and to repeal and add Sections 3684 and 4334 of, the Fish and Game Code, relating to hunting.",2010
37,61625,30,ABX25,4,Passed,2009-02-20,Employment: alternative workweek schedules.,"An act to amend Section 511 of the Labor Code, relating to employment.",0,,2009-02-20,"Chaptered by Secretary of State. Chapter 3, Statutes of 2009-10 Second Extraordinary Session.",https://legiscan.com/CA/bill/ABX25/2009,http://www.leginfo.ca.gov/cgi-bin/postquery?bill_number=abx2_5&sess=0910&house=A,amend,amended,"Section 511 of the Labor Code, relating to employment.","amended Section 511 of the Labor Code, relating to employment.",2009
1801,61454,30,AB1586,4,Passed,2010-07-15,San Francisco Bay Area Rapid Transit District.,"An act to add Section 28767.8 to the Public Utilities Code, relating to transportation.",0,,2010-07-15,"Chaptered by Secretary of State - Chapter 78, Statutes of 2010.",https://legiscan.com/CA/bill/AB1586/2009,http://www.leginfo.ca.gov/cgi-bin/postquery?bill_number=ab_1586&sess=0910&house=A,add,added,"Section 28767.8 to the Public Utilities Code, relating to transportation.","added Section 28767.8 to the Public Utilities Code, relating to transportation.",2010
1285,60938,30,AB1070,4,Passed,2009-10-11,Healing arts.,"An act to amend Sections 801.01, 2006, 2008, 2225.5, 2227, and 2425.3 of, and to add Section 804.5 to, the Business and Professions Code, and to amend Sections 12529, 12529.5, 12529.6, and 12529.7 of the Government Code, relating to healing arts.",0,,2009-10-11,"Chaptered by Secretary of State - Chapter 505, Statutes of 2009.",https://legiscan.com/CA/bill/AB1070/2009,http://www.leginfo.ca.gov/cgi-bin/postquery?bill_number=ab_1070&sess=0910&house=A,amend,amended,"Sections 801.01, 2006, 2008, 2225.5, 2227, and 2425.3 of, and to add Section 804.5 to, the Business and Professions Code, and to amend Sections 12529, 12529.5, 12529.6, and 12529.7 of the Government Code, relating to healing arts.","amended Sections 801.01, 2006, 2008, 2225.5, 2227, and 2425.3 of, and to add Section 804.5 to, the Business and Professions Code, and to amend Sections 12529, 12529.5, 12529.6, and 12529.7 of the Government Code, relating to healing arts.",2009
1166,60819,30,AB951,4,Passed,2009-10-11,Charter-party carriers.,"An act to amend Sections 5378, 5378.5, 5411, 5411.3, 5412, 5412.2, 5413, 5413.5, and 5414 of the Public Utilities Code, relating to charter-party carriers.",0,,2009-10-11,"Chaptered by Secretary of State - Chapter 263, Statutes of 2009.",https://legiscan.com/CA/bill/AB951/2009,http://www.leginfo.ca.gov/cgi-bin/postquery?bill_number=ab_951&sess=0910&house=A,amend,amended,"Sections 5378, 5378.5, 5411, 5411.3, 5412, 5412.2, 5413, 5413.5, and 5414 of the Public Utilities Code, relating to charter-party carriers.","amended Sections 5378, 5378.5, 5411, 5411.3, 5412, 5412.2, 5413, 5413.5, and 5414 of the Public Utilities Code, relating to charter-party carriers.",2009
1111,60764,30,AB896,4,Passed,2009-10-11,Health care programs: provider reimbursement rates.,"An act to amend and repeal Section 14105.18 of the Welfare and Institutions Code, relating to health care.",0,,2009-10-11,"Chaptered by Secretary of State - Chapter 260, Statutes of 2009.",https://legiscan.com/CA/bill/AB896/2009,http://www.leginfo.ca.gov/cgi-bin/postquery?bill_number=ab_896&sess=0910&house=A,amend,amended,"and repeal Section 14105.18 of the Welfare and Institutions Code, relating to health care.","amended and repeal Section 14105.18 of the Welfare and Institutions Code, relating to health care.",2009
1105,60758,30,AB890,4,Passed,2009-10-11,City of Maywood: drinking water.,"An act to add Section 116335 to the Health and Safety Code, relating to public water systems.",0,,2009-10-11,"Chaptered by Secretary of State - Chapter 259, Statutes of 2009.",https://legiscan.com/CA/bill/AB890/2009,http://www.leginfo.ca.gov/cgi-bin/postquery?bill_number=ab_890&sess=0910&house=A,add,added,"Section 116335 to the Health and Safety Code, relating to public water systems.","added Section 116335 to the Health and Safety Code, relating to public water systems.",2009
2414,70783,30,AB2199,4,Passed,2010-09-27,Sexual deviation: research.,"An act to amend Section 8050 of the Welfare and Institutions Code, relating to mental health.",0,,2010-09-27,"Chaptered by Secretary of State - Chapter 379, Statutes of 2010.",https://legiscan.com/CA/bill/AB2199/2009,http://www.leginfo.ca.gov/cgi-bin/postquery?bill_number=ab_2199&sess=0910&house=A,amend,amended,"Section 8050 of the Welfare and Institutions Code, relating to mental health.","amended Section 8050 of the Welfare and Institutions Code, relating to mental health.",2010
1226,60879,30,AB1011,4,Passed,2010-09-28,Insurance: green investments.,"An act to amend Sections 926.1, 926.2, and 12939 of the Insurance Code, relating to insurer investment.",0,,2010-09-28,"Chaptered by Secretary of State - Chapter 418, Statutes of 2010.",https://legiscan.com/CA/bill/AB1011/2009,http://www.leginfo.ca.gov/cgi-bin/postquery?bill_number=ab_1011&sess=0910&house=A,amend,amended,"Sections 926.1, 926.2, and 12939 of the Insurance Code, relating to insurer investment.","amended Sections 926.1, 926.2, and 12939 of the Insurance Code, relating to insurer investment.",2010
3967,62503,30,SB488,4,Passed,2009-10-11,Energy: energy usage information.,"An act to amend Section 25310 of the Public Resources Code, and to add and repeal Sections 715 and 9615.5 of the Public Utilities Code, relating to energy.",0,,2009-10-11,"Chaptered by Secretary of State. Chapter 352, Statutes of 2009.",https://legiscan.com/CA/bill/SB488/2009,http://www.leginfo.ca.gov/cgi-bin/postquery?bill_number=sb_488&sess=0910&house=S,amend,amended,"Section 25310 of the Public Resources Code, and to add and repeal Sections 715 and 9615.5 of the Public Utilities Code, relating to energy.","amended Section 25310 of the Public Resources Code, and to add and repeal Sections 715 and 9615.5 of the Public Utilities Code, relating to energy.",2009
2998,75728,30,AB2783,4,Passed,2010-08-27,Professions and vocations: military personnel.,"An act to amend Section 35 of the Business and Professions Code, relating to professions and vocations.",0,,2010-08-27,"Chaptered by Secretary of State - Chapter 214, Statutes of 2010.",https://legiscan.com/CA/bill/AB2783/2009,http://www.leginfo.ca.gov/cgi-bin/postquery?bill_number=ab_2783&sess=0910&house=A,amend,amended,"Section 35 of the Business and Professions Code, relating to professions and vocations.","amended Section 35 of the Business and Professions Code, relating to professions and vocations.",2010
4390,62870,30,SB855,4,Passed,2010-10-19,Resources.,"An act to amend Sections 25173.6, 25187, 25214.3, and 25215.7 of, and to add Sections 44272.3, 44272.4, and 44272.7 to, the Health and Safety Code, to amend Sections 4137, 4142, 14560, 14581, 25421, 25449.4, 25461, 25806, and 48004 of, to amend, repeal, and add Section 71305 of, to add Sections 4124, 5016.2, 14556, and 25464 to, and to add and repeal Section 3402.3 of, the Public Resources Code, to add Sections 13628.5 and 85214 to the Water Code, and to amend Section 1 of Chapter 384 of the Statutes of 2009, relating to resources, making an appropriation therefor, and declaring the urgency thereof, to take effect immediately.",0,,2010-10-19,"Chaptered by Secretary of State. Chapter 718, Statutes of 2010.",https://legiscan.com/CA/bill/SB855/2009,http://www.leginfo.ca.gov/cgi-bin/postquery?bill_number=sb_855&sess=0910&house=S,amend,amended,"Sections 25173.6, 25187, 25214.3, and 25215.7 of, and to add Sections 44272.3, 44272.4, and 44272.7 to, the Health and Safety Code, to amend Sections 4137, 4142, 14560, 14581, 25421, 25449.4, 25461, 25806, and 48004 of, to amend, repeal, and add Section 71305 of, to add Sections 4124, 5016.2, 14556, and 25464 to, and to add and repeal Section 3402.3 of, the Public Resources Code, to add Sections 13628.5 and 85214 to the Water Code, and to amend Section 1 of Chapter 384 of the Statutes of 2009, relating to resources, making an appropriation therefor, and declaring the urgency thereof, to take effect immediately.","amended Sections 25173.6, 25187, 25214.3, and 25215.7 of, and to add Sections 44272.3, 44272.4, and 44272.7 to, the Health and Safety Code, to amend Sections 4137, 4142, 14560, 14581, 25421, 25449.4, 25461, 25806, and 48004 of, to amend, repeal, and add Section 71305 of, to add Sections 4124, 5016.2, 14556, and 25464 to, and to add and repeal Section 3402.3 of, the Public Resources Code, to add Sections 13628.5 and 85214 to the Water Code, and to amend Section 1 of Chapter 384 of the Statutes of 2009, relating to resources, making an appropriation therefor, and declaring the urgency thereof, to take effect immediately.",2010
1981,63381,30,AB1766,4,Passed,2010-09-27,Placer County Integrated Health and Human Services Pilot,"An act to amend Section 18986.62 of the Welfare and Institutions Code, relating to health and human services.",0,,2010-09-27,"Chaptered by Secretary of State - Chapter 364, Statutes of 2010.",https://legiscan.com/CA/bill/AB1766/2009,http://www.leginfo.ca.gov/cgi-bin/postquery?bill_number=ab_1766&sess=0910&house=A,amend,amended,"Section 18986.62 of the Welfare and Institutions Code, relating to health and human services.","amended Section 18986.62 of the Welfare and Institutions Code, relating to health and human services.",2010
834,60526,30,AB658,4,Passed,2010-09-27,Taxpayer contributions: California Police Activities,"An act to add and repeal Article 14.5 (commencing with Section 18856) of Chapter 3 of Part 10.2 of Division 2 of the Revenue and Taxation Code, relating to taxation.",0,,2010-09-27,"Chaptered by Secretary of State - Chapter 346, Statutes of 2010.",https://legiscan.com/CA/bill/AB658/2009,http://www.leginfo.ca.gov/cgi-bin/postquery?bill_number=ab_658&sess=0910&house=A,add,added,"and repeal Article 14.5 (commencing with Section 18856) of Chapter 3 of Part 10.2 of Division 2 of the Revenue and Taxation Code, relating to taxation.","added and repeal Article 14.5 (commencing with Section 18856) of Chapter 3 of Part 10.2 of Division 2 of the Revenue and Taxation Code, relating to taxation.",2010
3488,62108,30,SB93,4,Passed,2009-10-11,Redevelopment: payment for land or buildings.,"An act to amend Sections 33445 and 33679 of, and to add Sections 33445.1 and 33505 to, the Health and Safety Code, relating to redevelopment.",0,,2009-10-11,"Chaptered by Secretary of State. Chapter 555, Statutes of 2009.",https://legiscan.com/CA/bill/SB93/2009,http://www.leginfo.ca.gov/cgi-bin/postquery?bill_number=sb_93&sess=0910&house=S,amend,amended,"Sections 33445 and 33679 of, and to add Sections 33445.1 and 33505 to, the Health and Safety Code, relating to redevelopment.","amended Sections 33445 and 33679 of, and to add Sections 33445.1 and 33505 to, the Health and Safety Code, relating to redevelopment.",2009
5008,71833,30,SB1458,4,Passed,2010-07-09,Hospital districts.,"An act to amend Section 32130.6 of the Health and Safety Code, relating to public health, and declaring the urgency thereof, to take effect immediately.",0,,2010-07-09,"Chaptered by Secretary of State. Chapter 70, Statutes of 2010.",https://legiscan.com/CA/bill/SB1458/2009,http://www.leginfo.ca.gov/cgi-bin/postquery?bill_number=sb_1458&sess=0910&house=S,amend,amended,"Section 32130.6 of the Health and Safety Code, relating to public health, and declaring the urgency thereof, to take effect immediately.","amended Section 32130.6 of the Health and Safety Code, relating to public health, and declaring the urgency thereof, to take effect immediately.",2010
2961,71577,30,AB2746,4,Passed,2010-09-30,California Earthquake Authority: mitigation officer.,"An act to amend Section 10089.7 of the Insurance Code, relating to insurance.",0,,2010-09-30,"Chaptered by Secretary of State - Chapter 609, Statutes of 2010.",https://legiscan.com/CA/bill/AB2746/2009,http://www.leginfo.ca.gov/cgi-bin/postquery?bill_number=ab_2746&sess=0910&house=A,amend,amended,"Section 10089.7 of the Insurance Code, relating to insurance.","amended Section 10089.7 of the Insurance Code, relating to insurance.",2010
737,60429,30,AB561,4,Passed,2009-08-06,Highway workers: assault and battery.,"An act to amend Sections 241.5 and 243.65 of the Penal Code, relating to crimes against highway workers.",0,,2009-08-06,"Chaptered by Secretary of State - Chapter 116, Statutes of 2009.",https://legiscan.com/CA/bill/AB561/2009,http://www.leginfo.ca.gov/cgi-bin/postquery?bill_number=ab_561&sess=0910&house=A,amend,amended,"Sections 241.5 and 243.65 of the Penal Code, relating to crimes against highway workers.","amended Sections 241.5 and 243.65 of the Penal Code, relating to crimes against highway workers.",2009
1154,60807,30,AB939,4,Passed,2010-09-27,Family law proceedings.,"An act to amend Sections 215, 2030, 2032, 2034, 2330.3, 2400, 2403, 2450, 2451, 3027, 3121, 3150, 3151, 3183, 3557, 6323, and 6340 of, and to add Section 217 to, the Family Code, and to amend Section 328 of, and to add Section 827.10 to, the Welfare and Institutions Code, relating to family law proceedings.",0,,2010-09-27,"Chaptered by Secretary of State - Chapter 352, Statutes of 2010.",https://legiscan.com/CA/bill/AB939/2009,http://www.leginfo.ca.gov/cgi-bin/postquery?bill_number=ab_939&sess=0910&house=A,amend,amended,"Sections 215, 2030, 2032, 2034, 2330.3, 2400, 2403, 2450, 2451, 3027, 3121, 3150, 3151, 3183, 3557, 6323, and 6340 of, and to add Section 217 to, the Family Code, and to amend Section 328 of, and to add Section 827.10 to, the Welfare and Institutions Code, relating to family law proceedings.","amended Sections 215, 2030, 2032, 2034, 2330.3, 2400, 2403, 2450, 2451, 3027, 3121, 3150, 3151, 3183, 3557, 6323, and 6340 of, and to add Section 217 to, the Family Code, and to amend Section 328 of, and to add Section 827.10 to, the Welfare and Institutions Code, relating to family law proceedings.",2010
2428,70797,30,AB2213,4,Passed,2010-09-27,Moore Universal Telephone Service Act.,"An act to amend Sections 871.5, 872, 873, and 878 of the Public Utilities Code, relating to telecommunications.",0,,2010-09-27,"Chaptered by Secretary of State - Chapter 381, Statutes of 2010.",https://legiscan.com/CA/bill/AB2213/2009,http://www.leginfo.ca.gov/cgi-bin/postquery?bill_number=ab_2213&sess=0910&house=A,amend,amended,"Sections 871.5, 872, 873, and 878 of the Public Utilities Code, relating to telecommunications.","amended Sections 871.5, 872, 873, and 878 of the Public Utilities Code, relating to telecommunications.",2010
1460,61113,30,AB1245,4,Passed,2009-10-11,Recovery of public records.,"An act to add Chapter 3.01 (commencing with Section 6204) to Division 7 of Title 1 of the Government Code, relating to public records.",0,,2009-10-11,"Chaptered by Secretary of State - Chapter 519, Statutes of 2009.",https://legiscan.com/CA/bill/AB1245/2009,http://www.leginfo.ca.gov/cgi-bin/postquery?bill_number=ab_1245&sess=0910&house=A,add,added,"Chapter 3.01 (commencing with Section 6204) to Division 7 of Title 1 of the Government Code, relating to public records.","added Chapter 3.01 (commencing with Section 6204) to Division 7 of Title 1 of the Government Code, relating to public records.",2009
4160,62686,30,SB671,4,Passed,2009-10-11,Agricultural land: valuation.,"An act to amend Section 51203 of the Government Code, relating to local government.",0,,2009-10-11,"Chaptered by Secretary of State. Chapter 358, Statutes of 2009.",https://legiscan.com/CA/bill/SB671/2009,http://www.leginfo.ca.gov/cgi-bin/postquery?bill_number=sb_671&sess=0910&house=S,amend,amended,"Section 51203 of the Government Code, relating to local government.","amended Section 51203 of the Government Code, relating to local government.",2009
404,61648,30,ABX320,4,Passed,2009-03-27,Federal transportation economic stimulus funds.,"An act to add Article 12 (commencing with Section 8879.77) to Chapter 12.491 of Division 1 of Title 2 of the Government Code, and to add Chapter 9.5 (commencing with Section 2420) to Division 3 of the Streets and Highways Code, relating to transportation, making an appropriation therefor, and declaring the urgency thereof, to take effect immediately.",0,,2009-03-27,"Chaptered by Secretary of State. Chapter 21, Statutes of 2009-10 Third Extraordinary Session.",https://legiscan.com/CA/bill/ABX320/2009,http://www.leginfo.ca.gov/cgi-bin/postquery?bill_number=abx3_20&sess=0910&house=A,add,added,"Article 12 (commencing with Section 8879.77) to Chapter 12.491 of Division 1 of Title 2 of the Government Code, and to add Chapter 9.5 (commencing with Section 2420) to Division 3 of the Streets and Highways Code, relating to transportation, making an appropriation therefor, and declaring the urgency thereof, to take effect immediately.","added Article 12 (commencing with Section 8879.77) to Chapter 12.491 of Division 1 of Title 2 of the Government Code, and to add Chapter 9.5 (commencing with Section 2420) to Division 3 of the Streets and Highways Code, relating to transportation, making an appropriation therefor, and declaring the urgency thereof, to take effect immediately.",2009
4722,70941,30,SB1172,4,Passed,2010-09-29,Regulatory boards: diversion programs.,"An act to amend Section 156.1 of, and to add Sections 315.2 and 315.4 to, the Business and Professions Code, relating to regulatory boards.",0,,2010-09-29,"Chaptered by Secretary of State. Chapter 517, Statutes of 2010.",https://legiscan.com/CA/bill/SB1172/2009,http://www.leginfo.ca.gov/cgi-bin/postquery?bill_number=sb_1172&sess=0910&house=S,amend,amended,"Section 156.1 of, and to add Sections 315.2 and 315.4 to, the Business and Professions Code, relating to regulatory boards.","amended Section 156.1 of, and to add Sections 315.2 and 315.4 to, the Business and Professions Code, relating to regulatory boards.",2010
4918,71743,30,SB1368,4,Passed,2010-09-29,Health care.,"An act to amend Sections 129040 and 129050 of the Health and Safety Code, and to amend Sections 12695.18 and 12705 of the Insurance Code, relating to health, and making an appropriation therefor.",0,,2010-09-29,"Chaptered by Secretary of State. Chapter 526, Statutes of 2010.",https://legiscan.com/CA/bill/SB1368/2009,http://www.leginfo.ca.gov/cgi-bin/postquery?bill_number=sb_1368&sess=0910&house=S,amend,amended,"Sections 129040 and 129050 of the Health and Safety Code, and to amend Sections 12695.18 and 12705 of the Insurance Code, relating to health, and making an appropriation therefor.","amended Sections 129040 and 129050 of the Health and Safety Code, and to amend Sections 12695.18 and 12705 of the Insurance Code, relating to health, and making an appropriation therefor.",2010
1964,63364,30,AB1749,4,Passed,2010-08-18,California Whistleblower Protection Act: Administrative,"An act to amend Section 8547.2 of, and to add Section 8547.13 to, the Government Code, relating to whistleblower protection.",0,,2010-08-18,"Chaptered by Secretary of State - Chapter 160, Statutes of 2010.",https://legiscan.com/CA/bill/AB1749/2009,http://www.leginfo.ca.gov/cgi-bin/postquery?bill_number=ab_1749&sess=0910&house=A,amend,amended,"Section 8547.2 of, and to add Section 8547.13 to, the Government Code, relating to whistleblower protection.","amended Section 8547.2 of, and to add Section 8547.13 to, the Government Code, relating to whistleblower protection.",2010
4646,70366,30,SB1096,4,Passed,2010-09-24,Alcoholic beverages: tied-house restrictions.,"An act to amend Sections 25500.1, 25500.2, and 25502.1 of the Business and Professions Code, relating to alcoholic beverages.",0,,2010-09-24,"Chaptered by Secretary of State. Chapter 285, Statutes of 2010.",https://legiscan.com/CA/bill/SB1096/2009,http://www.leginfo.ca.gov/cgi-bin/postquery?bill_number=sb_1096&sess=0910&house=S,amend,amended,"Sections 25500.1, 25500.2, and 25502.1 of the Business and Professions Code, relating to alcoholic beverages.","amended Sections 25500.1, 25500.2, and 25502.1 of the Business and Professions Code, relating to alcoholic beverages.",2010
4413,62882,30,SB867,4,Passed,2010-10-20,Public employee benefits: contribution rates: reports.,"An act to add Section 20229 to the Government Code, relating to public employee benefits, and declaring the urgency thereof, to take effect immediately.",0,,2010-10-20,"Chaptered by Secretary of State. Chapter 733, Statutes of 2010.",https://legiscan.com/CA/bill/SB867/2009,http://www.leginfo.ca.gov/cgi-bin/postquery?bill_number=sb_867&sess=0910&house=S,add,added,"Section 20229 to the Government Code, relating to public employee benefits, and declaring the urgency thereof, to take effect immediately.","added Section 20229 to the Government Code, relating to public employee benefits, and declaring the urgency thereof, to take effect immediately.",2010
2617,71233,30,AB2402,4,Passed,2010-09-24,California State University: admissions: procedural,"An act to add Section 89030.5 to the Education Code, relating to the California State University.",0,,2010-09-24,"Chaptered by Secretary of State - Chapter 262, Statutes of 2010.",https://legiscan.com/CA/bill/AB2402/2009,http://www.leginfo.ca.gov/cgi-bin/postquery?bill_number=ab_2402&sess=0910&house=A,add,added,"Section 89030.5 to the Education Code, relating to the California State University.","added Section 89030.5 to the Education Code, relating to the California State University.",2010
4167,62693,30,SB678,4,Passed,2009-10-11,Criminal recidivism.,"An act to add and repeal Chapter 3 (commencing with Section 1228) of Title 8 of Part 2 of the Penal Code, relating to probation.",0,,2009-10-11,"Chaptered by Secretary of State. Chapter 608, Statutes of 2009.",https://legiscan.com/CA/bill/SB678/2009,http://www.leginfo.ca.gov/cgi-bin/postquery?bill_number=sb_678&sess=0910&house=S,add,added,"and repeal Chapter 3 (commencing with Section 1228) of Title 8 of Part 2 of the Penal Code, relating to probation.","added and repeal Chapter 3 (commencing with Section 1228) of Title 8 of Part 2 of the Penal Code, relating to probation.",2009
4622,70342,30,SB1072,4,Passed,2010-09-24,Horse racing: statewide marketing organization:,"An act to amend Section 19605.73 of, to add Sections 19601.02, 19605.74, and 19642.1 to, and to add Article 9.1 (commencing with Section 19604.5) to Chapter 4 of Division 8 of, the Business and Professions Code, relating to horse racing.",0,,2010-09-24,"Chaptered by Secretary of State. Chapter 283, Statutes of 2010.",https://legiscan.com/CA/bill/SB1072/2009,http://www.leginfo.ca.gov/cgi-bin/postquery?bill_number=sb_1072&sess=0910&house=S,amend,amended,"Section 19605.73 of, to add Sections 19601.02, 19605.74, and 19642.1 to, and to add Article 9.1 (commencing with Section 19604.5) to Chapter 4 of Division 8 of, the Business and Professions Code, relating to horse racing.","amended Section 19605.73 of, to add Sections 19601.02, 19605.74, and 19642.1 to, and to add Article 9.1 (commencing with Section 19604.5) to Chapter 4 of Division 8 of, the Business and Professions Code, relating to horse racing.",2010
2565,71181,30,AB2350,4,Passed,2010-07-15,Interstate Compact for Juveniles.,"An act to amend Section 207 of the Welfare and Institutions Code, relating to juveniles.",0,,2010-07-15,"Chaptered by Secretary of State - Chapter 96, Statutes of 2010.",https://legiscan.com/CA/bill/AB2350/2009,http://www.leginfo.ca.gov/cgi-bin/postquery?bill_number=ab_2350&sess=0910&house=A,amend,amended,"Section 207 of the Welfare and Institutions Code, relating to juveniles.","amended Section 207 of the Welfare and Institutions Code, relating to juveniles.",2010
2866,71482,30,AB2651,4,Passed,2010-06-15,Veterans farm and home purchases: bond acts.,"An act to amend Section 16773 of the Government Code, to amend Sections 998.402 and 998.404 of, and to add Section 988.6 to, the Military and Veterans Code, relating to veterans, and declaring the urgency thereof, to take effect immediately.",0,,2010-06-15,"Chaptered by Secretary of State - Chapter 27, Statutes of 2010.",https://legiscan.com/CA/bill/AB2651/2009,http://www.leginfo.ca.gov/cgi-bin/postquery?bill_number=ab_2651&sess=0910&house=A,amend,amended,"Section 16773 of the Government Code, to amend Sections 998.402 and 998.404 of, and to add Section 988.6 to, the Military and Veterans Code, relating to veterans, and declaring the urgency thereof, to take effect immediately.","amended Section 16773 of the Government Code, to amend Sections 998.402 and 998.404 of, and to add Section 988.6 to, the Military and Veterans Code, relating to veterans, and declaring the urgency thereof, to take effect immediately.",2010
1394,61047,30,AB1179,4,Passed,2009-08-06,Motor vehicle insurance: damage assessments.,"An act to amend Section 1874.87 of the Insurance Code, relating to motor vehicle insurance.",0,,2009-08-06,"Chaptered by Secretary of State - Chapter 141, Statutes of 2009.",https://legiscan.com/CA/bill/AB1179/2009,http://www.leginfo.ca.gov/cgi-bin/postquery?bill_number=ab_1179&sess=0910&house=A,amend,amended,"Section 1874.87 of the Insurance Code, relating to motor vehicle insurance.","amended Section 1874.87 of the Insurance Code, relating to motor vehicle insurance.",2009
4597,69579,30,SB1047,4,Passed,2010-08-23,Mobilehomes: nonprofit resident-owned mobilehome park.,"An act to amend Section 799.1 of the Civil Code, relating to mobilehomes.",0,,2010-08-23,"Chaptered by Secretary of State. Chapter 175, Statutes of 2010.",https://legiscan.com/CA/bill/SB1047/2009,http://www.leginfo.ca.gov/cgi-bin/postquery?bill_number=sb_1047&sess=0910&house=S,amend,amended,"Section 799.1 of the Civil Code, relating to mobilehomes.","amended Section 799.1 of the Civil Code, relating to mobilehomes.",2010
3727,63030,30,SBX315,4,Passed,2009-02-20,Taxation: credits: apportionment: sales factor.,"An act to amend Sections 17039.2, 23036.2, 23101, 25120, and 25135 of, to amend, repeal, and add Section 25136 of, to add Sections 6902.5, 17053.85, 19136.8, 23685, and 25128.5 to, and to add and repeal Sections 17053.80 and 23623 of, the Revenue and Taxation Code, relating to taxation, to take effect immediately, tax levy.",0,,2009-02-20,"Chaptered by Secretary of State. Chapter 17, Statutes of 2009-10 Third Extraordinary Session.",https://legiscan.com/CA/bill/SBX315/2009,http://www.leginfo.ca.gov/cgi-bin/postquery?bill_number=sbx3_15&sess=0910&house=S,amend,amended,"Sections 17039.2, 23036.2, 23101, 25120, and 25135 of, to amend, repeal, and add Section 25136 of, to add Sections 6902.5, 17053.85, 19136.8, 23685, and 25128.5 to, and to add and repeal Sections 17053.80 and 23623 of, the Revenue and Taxation Code, relating to taxation, to take effect immediately, tax levy.","amended Sections 17039.2, 23036.2, 23101, 25120, and 25135 of, to amend, repeal, and add Section 25136 of, to add Sections 6902.5, 17053.85, 19136.8, 23685, and 25128.5 to, and to add and repeal Sections 17053.80 and 23623 of, the Revenue and Taxation Code, relating to taxation, to take effect immediately, tax levy.",2009
5026,71851,30,SB1476,4,Passed,2010-09-29,Public utilities: customer privacy: advanced metering,"An act to add Chapter 5 (commencing with Section 8380) to Division 4.1 of, and to repeal Section 393 of, the Public Utilities Code, relating to public utilities.",0,,2010-09-29,"Chaptered by Secretary of State. Chapter 497, Statutes of 2010.",https://legiscan.com/CA/bill/SB1476/2009,http://www.leginfo.ca.gov/cgi-bin/postquery?bill_number=sb_1476&sess=0910&house=S,add,added,"Chapter 5 (commencing with Section 8380) to Division 4.1 of, and to repeal Section 393 of, the Public Utilities Code, relating to public utilities.","added Chapter 5 (commencing with Section 8380) to Division 4.1 of, and to repeal Section 393 of, the Public Utilities Code, relating to public utilities.",2010
504,60238,30,AB370,4,Passed,2009-10-11,Unlicensed contractors.,"An act to amend Sections 7028 and 7028.16 of the Business and Professions Code, relating to contractors.",0,,2009-10-11,"Chaptered by Secretary of State - Chapter 319, Statutes of 2009.",https://legiscan.com/CA/bill/AB370/2009,http://www.leginfo.ca.gov/cgi-bin/postquery?bill_number=ab_370&sess=0910&house=A,amend,amended,"Sections 7028 and 7028.16 of the Business and Professions Code, relating to contractors.","amended Sections 7028 and 7028.16 of the Business and Professions Code, relating to contractors.",2009
5040,76587,30,SB1490,4,Passed,2010-09-24,Accountants.,"An act to amend Sections 5092, 5094.6, and 5096.12 of the Business and Professions Code, relating to professions and vocations, and declaring the urgency thereof, to take effect immediately.",0,,2010-09-24,"Chaptered by Secretary of State. Chapter 298, Statutes of 2010.",https://legiscan.com/CA/bill/SB1490/2009,http://www.leginfo.ca.gov/cgi-bin/postquery?bill_number=sb_1490&sess=0910&house=S,amend,amended,"Sections 5092, 5094.6, and 5096.12 of the Business and Professions Code, relating to professions and vocations, and declaring the urgency thereof, to take effect immediately.","amended Sections 5092, 5094.6, and 5096.12 of the Business and Professions Code, relating to professions and vocations, and declaring the urgency thereof, to take effect immediately.",2010
28,59888,30,AB20,4,Passed,2009-10-11,University of California: California State University:,"An act to add Chapter 14.27 (commencing with Section 67325) to Part 40 of Division 5 of Title 3 of the Education Code, relating to public postsecondary education.",0,,2009-10-11,"Chaptered by Secretary of State - Chapter 402, Statutes of 2009.",https://legiscan.com/CA/bill/AB20/2009,http://www.leginfo.ca.gov/cgi-bin/postquery?bill_number=ab_20&sess=0910&house=A,add,added,"Chapter 14.27 (commencing with Section 67325) to Part 40 of Division 5 of Title 3 of the Education Code, relating to public postsecondary education.","added Chapter 14.27 (commencing with Section 67325) to Part 40 of Division 5 of Title 3 of the Education Code, relating to public postsecondary education.",2009
1155,60808,30,AB940,4,Passed,2009-08-06,Attorneys: IOLTA accounts.,"An act to amend Sections 6212 and 6213 of the Business and Professions Code, relating to attorneys.",0,,2009-08-06,"Chaptered by Secretary of State - Chapter 129, Statutes of 2009.",https://legiscan.com/CA/bill/AB940/2009,http://www.leginfo.ca.gov/cgi-bin/postquery?bill_number=ab_940&sess=0910&house=A,amend,amended,"Sections 6212 and 6213 of the Business and Professions Code, relating to attorneys.","amended Sections 6212 and 6213 of the Business and Professions Code, relating to attorneys.",2009
1082,60735,30,AB867,4,Passed,2010-09-28,California State University: Doctor of Nursing Practice,"An act to add and repeal Article 9 (commencing with Section 89280) of Chapter 2 of Part 55 of Division 8 of Title 3 of the Education Code, relating to nursing degrees.",0,,2010-09-28,"Chaptered by Secretary of State - Chapter 416, Statutes of 2010.",https://legiscan.com/CA/bill/AB867/2009,http://www.leginfo.ca.gov/cgi-bin/postquery?bill_number=ab_867&sess=0910&house=A,add,added,"and repeal Article 9 (commencing with Section 89280) of Chapter 2 of Part 55 of Division 8 of Title 3 of the Education Code, relating to nursing degrees.","added and repeal Article 9 (commencing with Section 89280) of Chapter 2 of Part 55 of Division 8 of Title 3 of the Education Code, relating to nursing degrees.",2010
2670,71286,30,AB2455,4,Passed,2010-07-19,Military service: benefits.,"An act to amend Sections 800 and 811 of the Military and Veterans Code, relating to military benefits.",0,,2010-07-19,"Chaptered by Secretary of State - Chapter 124, Statutes of 2010.",https://legiscan.com/CA/bill/AB2455/2009,http://www.leginfo.ca.gov/cgi-bin/postquery?bill_number=ab_2455&sess=0910&house=A,amend,amended,"Sections 800 and 811 of the Military and Veterans Code, relating to military benefits.","amended Sections 800 and 811 of the Military and Veterans Code, relating to military benefits.",2010
3388,62051,30,SB36,4,Passed,2009-10-11,"Real estate, finance lender, and residential mortgage","An act to amend Sections 10100, 10140.6, 10150, 10151, 10235.5, and 10236.4 of, to add Article 2.1 (commencing with Section 10166.01) to Chapter 3 of Part 1 of Division 4 of, and to repeal Section 10131.8 of, the Business and Professions Code, to amend Sections 22100, 22101, 22101.5, 22102, 22103, 22104, 22106, 22107, 22108, 22109, 22112, 22151, 22152, 22153, 22154, 22155, 22156, 22157, 22159, 22168, 22169, 22170, 22171, 22700, 50002, 50003, 50120, 50121, 50122, 50123, 50124, 50125, 50126, 50128, 50129, 50130, 50200, 50201, 50202, 50204, 50205, 50206, 50208, 50302, 50307, 50310, 50317, 50318, 50320, 50325, 50333, 50401, 50700, and 50701 of, to add Sections 22012, 22013, 22014, 22105.1, 22105.2, 22105.3, 22105.4, 22109.1, 22109.2, 22109.3, 22109.4, 22109.5, 22109.6, 22172, 22347, 22755, 50002.5, 50003.5, 50003.6, 50209, 50307.2, and 50513 to, to add Chapter 3.5 (commencing with Section 50140) and Chapter 3.6 (commencing with Section 50150) to Division 20 of, and to repeal Sections 50601, 50602, and 50705 of, the Financial Code, and to add Section 18034 to the Health and Safety Code, relating to mortgages, and declaring the urgency thereof, to take effect immediately.",0,,2009-10-11,"Chaptered by Secretary of State. Chapter 160, Statutes of 2009.",https://legiscan.com/CA/bill/SB36/2009,http://www.leginfo.ca.gov/cgi-bin/postquery?bill_number=sb_36&sess=0910&house=S,amend,amended,"Sections 10100, 10140.6, 10150, 10151, 10235.5, and 10236.4 of, to add Article 2.1 (commencing with Section 10166.01) to Chapter 3 of Part 1 of Division 4 of, and to repeal Section 10131.8 of, the Business and Professions Code, to amend Sections 22100, 22101, 22101.5, 22102, 22103, 22104, 22106, 22107, 22108, 22109, 22112, 22151, 22152, 22153, 22154, 22155, 22156, 22157, 22159, 22168, 22169, 22170, 22171, 22700, 50002, 50003, 50120, 50121, 50122, 50123, 50124, 50125, 50126, 50128, 50129, 50130, 50200, 50201, 50202, 50204, 50205, 50206, 50208, 50302, 50307, 50310, 50317, 50318, 50320, 50325, 50333, 50401, 50700, and 50701 of, to add Sections 22012, 22013, 22014, 22105.1, 22105.2, 22105.3, 22105.4, 22109.1, 22109.2, 22109.3, 22109.4, 22109.5, 22109.6, 22172, 22347, 22755, 50002.5, 50003.5, 50003.6, 50209, 50307.2, and 50513 to, to add Chapter 3.5 (commencing with Section 50140) and Chapter 3.6 (commencing with Section 50150) to Division 20 of, and to repeal Sections 50601, 50602, and 50705 of, the Financial Code, and to add Section 18034 to the Health and Safety Code, relating to mortgages, and declaring the urgency thereof, to take effect immediately.","amended Sections 10100, 10140.6, 10150, 10151, 10235.5, and 10236.4 of, to add Article 2.1 (commencing with Section 10166.01) to Chapter 3 of Part 1 of Division 4 of, and to repeal Section 10131.8 of, the Business and Professions Code, to amend Sections 22100, 22101, 22101.5, 22102, 22103, 22104, 22106, 22107, 22108, 22109, 22112, 22151, 22152, 22153, 22154, 22155, 22156, 22157, 22159, 22168, 22169, 22170, 22171, 22700, 50002, 50003, 50120, 50121, 50122, 50123, 50124, 50125, 50126, 50128, 50129, 50130, 50200, 50201, 50202, 50204, 50205, 50206, 50208, 50302, 50307, 50310, 50317, 50318, 50320, 50325, 50333, 50401, 50700, and 50701 of, to add Sections 22012, 22013, 22014, 22105.1, 22105.2, 22105.3, 22105.4, 22109.1, 22109.2, 22109.3, 22109.4, 22109.5, 22109.6, 22172, 22347, 22755, 50002.5, 50003.5, 50003.6, 50209, 50307.2, and 50513 to, to add Chapter 3.5 (commencing with Section 50140) and Chapter 3.6 (commencing with Section 50150) to Division 20 of, and to repeal Sections 50601, 50602, and 50705 of, the Financial Code, and to add Section 18034 to the Health and Safety Code, relating to mortgages, and declaring the urgency thereof, to take effect immediately.",2009
4162,62688,30,SB673,4,Passed,2009-07-02,Public utility districts.,"An act to amend Section 15956 of the Public Utilities Code, relating to public utility districts.",0,,2009-07-02,"Chaptered by Secretary of State. Chapter 14, Statutes of 2009.",https://legiscan.com/CA/bill/SB673/2009,http://www.leginfo.ca.gov/cgi-bin/postquery?bill_number=sb_673&sess=0910&house=S,amend,amended,"Section 15956 of the Public Utilities Code, relating to public utility districts.","amended Section 15956 of the Public Utilities Code, relating to public utility districts.",2009
1274,60927,30,AB1059,4,Passed,2009-10-11,Bankruptcy.,"An act to amend Sections 7113.5, 17027, 17028, 17511.4, 17550.52, 17919, 20021, 22903, and 24071 of the Business and Professions Code, to amend Sections 1785.13, 1786.18, 1788.14, and 1812.206 of the Civil Code, to amend Section 703.130 of the Code of Civil Procedure, to amend Sections 1400, 1401, 1402, 1403, 6110, 6610, 8110, 8610, 9650, 9680, 12560, 12630, 15642, 23005, 25103, 25248, and 28710 of the Corporations Code, to amend Sections 867, 1203, 1781, 1889, 6152, 12307.2, 16202, 16902, 17415, 18477, 31709, 34109, and 50319 of the Financial Code, to amend Section 1058 of the Fish and Game Code, to amend Section 58503.1 of the Food and Agricultural Code, to amend Sections 65863.7 and 65863.12 of the Government Code, to amend Sections 1793.62, 129174.1, 25169.3, 25245, 25359.5, 25359.6, and 25396 of the Health and Safety Code, to amend Section 11655 of the Insurance Code, to amend Section 15643 of the Probate Code, to amend Section 4107 of the Public Contract Code, to amend Section 11923 of the Revenue and Taxation Code, to amend Section 9185 of the Streets and Highways Code, and to amend Section 9859 of the Vehicle Code, relating to bankruptcy.",0,,2009-10-11,"Chaptered by Secretary of State - Chapter 500, Statutes of 2009.",https://legiscan.com/CA/bill/AB1059/2009,http://www.leginfo.ca.gov/cgi-bin/postquery?bill_number=ab_1059&sess=0910&house=A,amend,amended,"Sections 7113.5, 17027, 17028, 17511.4, 17550.52, 17919, 20021, 22903, and 24071 of the Business and Professions Code, to amend Sections 1785.13, 1786.18, 1788.14, and 1812.206 of the Civil Code, to amend Section 703.130 of the Code of Civil Procedure, to amend Sections 1400, 1401, 1402, 1403, 6110, 6610, 8110, 8610, 9650, 9680, 12560, 12630, 15642, 23005, 25103, 25248, and 28710 of the Corporations Code, to amend Sections 867, 1203, 1781, 1889, 6152, 12307.2, 16202, 16902, 17415, 18477, 31709, 34109, and 50319 of the Financial Code, to amend Section 1058 of the Fish and Game Code, to amend Section 58503.1 of the Food and Agricultural Code, to amend Sections 65863.7 and 65863.12 of the Government Code, to amend Sections 1793.62, 129174.1, 25169.3, 25245, 25359.5, 25359.6, and 25396 of the Health and Safety Code, to amend Section 11655 of the Insurance Code, to amend Section 15643 of the Probate Code, to amend Section 4107 of the Public Contract Code, to amend Section 11923 of the Revenue and Taxation Code, to amend Section 9185 of the Streets and Highways Code, and to amend Section 9859 of the Vehicle Code, relating to bankruptcy.","amended Sections 7113.5, 17027, 17028, 17511.4, 17550.52, 17919, 20021, 22903, and 24071 of the Business and Professions Code, to amend Sections 1785.13, 1786.18, 1788.14, and 1812.206 of the Civil Code, to amend Section 703.130 of the Code of Civil Procedure, to amend Sections 1400, 1401, 1402, 1403, 6110, 6610, 8110, 8610, 9650, 9680, 12560, 12630, 15642, 23005, 25103, 25248, and 28710 of the Corporations Code, to amend Sections 867, 1203, 1781, 1889, 6152, 12307.2, 16202, 16902, 17415, 18477, 31709, 34109, and 50319 of the Financial Code, to amend Section 1058 of the Fish and Game Code, to amend Section 58503.1 of the Food and Agricultural Code, to amend Sections 65863.7 and 65863.12 of the Government Code, to amend Sections 1793.62, 129174.1, 25169.3, 25245, 25359.5, 25359.6, and 25396 of the Health and Safety Code, to amend Section 11655 of the Insurance Code, to amend Section 15643 of the Probate Code, to amend Section 4107 of the Public Contract Code, to amend Section 11923 of the Revenue and Taxation Code, to amend Section 9185 of the Streets and Highways Code, and to amend Section 9859 of the Vehicle Code, relating to bankruptcy.",2009
4772,70991,30,SB1222,4,Passed,2010-09-29,Marriage licenses: vital records: fees: domestic,"An act to amend Section 26840.11 of the Government Code, to amend Section 103628 of the Health and Safety Code, and to amend Section 18309.5 of the Welfare and Institutions Code, relating to domestic violence.",0,,2010-09-29,"Chaptered by Secretary of State. Chapter 520, Statutes of 2010.",https://legiscan.com/CA/bill/SB1222/2009,http://www.leginfo.ca.gov/cgi-bin/postquery?bill_number=sb_1222&sess=0910&house=S,amend,amended,"Section 26840.11 of the Government Code, to amend Section 103628 of the Health and Safety Code, and to amend Section 18309.5 of the Welfare and Institutions Code, relating to domestic violence.","amended Section 26840.11 of the Government Code, to amend Section 103628 of the Health and Safety Code, and to amend Section 18309.5 of the Welfare and Institutions Code, relating to domestic violence.",2010
4297,62823,30,SB808,4,Passed,2010-06-03,Delta levee maintenance.,"An act to amend Sections 12986 and 12987.5 of the Water Code, relating to water projects, and declaring the urgency thereof, to take effect immediately.",0,,2010-06-03,"Chaptered by Secretary of State. Chapter 23, Statutes of 2010.",https://legiscan.com/CA/bill/SB808/2009,http://www.leginfo.ca.gov/cgi-bin/postquery?bill_number=sb_808&sess=0910&house=S,amend,amended,"Sections 12986 and 12987.5 of the Water Code, relating to water projects, and declaring the urgency thereof, to take effect immediately.","amended Sections 12986 and 12987.5 of the Water Code, relating to water projects, and declaring the urgency thereof, to take effect immediately.",2010
1530,61183,30,AB1315,4,Passed,2010-09-27,Telecommunications: Public Utilities Commission: Federal,"An act to add Section 716 to the Public Utilities Code, relating to telecommunications.",0,,2010-09-27,"Chaptered by Secretary of State - Chapter 358, Statutes of 2010.",https://legiscan.com/CA/bill/AB1315/2009,http://www.leginfo.ca.gov/cgi-bin/postquery?bill_number=ab_1315&sess=0910&house=A,add,added,"Section 716 to the Public Utilities Code, relating to telecommunications.","added Section 716 to the Public Utilities Code, relating to telecommunications.",2010
2403,70772,30,AB2188,4,Passed,2010-09-27,Unemployment compensation: disability benefits.,"An act to amend Sections 2708 and 3075 of the Unemployment Insurance Code, relating to unemployment insurance, and declaring the urgency thereof, to take effect immediately.",0,,2010-09-27,"Chaptered by Secretary of State - Chapter 378, Statutes of 2010.",https://legiscan.com/CA/bill/AB2188/2009,http://www.leginfo.ca.gov/cgi-bin/postquery?bill_number=ab_2188&sess=0910&house=A,amend,amended,"Sections 2708 and 3075 of the Unemployment Insurance Code, relating to unemployment insurance, and declaring the urgency thereof, to take effect immediately.","amended Sections 2708 and 3075 of the Unemployment Insurance Code, relating to unemployment insurance, and declaring the urgency thereof, to take effect immediately.",2010
159,59959,30,AB91,4,Passed,2009-10-11,Vehicles: driving under the influence (DUI): ignition,"An act to amend Sections 13386 and 23576 of, and to add and repeal Chapter 5 (commencing with Section 23700) of Division 11.5 of, the Vehicle Code, relating to vehicles.",0,,2009-10-11,"Chaptered by Secretary of State - Chapter 217, Statutes of 2009.",https://legiscan.com/CA/bill/AB91/2009,http://www.leginfo.ca.gov/cgi-bin/postquery?bill_number=ab_91&sess=0910&house=A,amend,amended,"Sections 13386 and 23576 of, and to add and repeal Chapter 5 (commencing with Section 23700) of Division 11.5 of, the Vehicle Code, relating to vehicles.","amended Sections 13386 and 23576 of, and to add and repeal Chapter 5 (commencing with Section 23700) of Division 11.5 of, the Vehicle Code, relating to vehicles.",2009
3540,62155,30,SB140,4,Passed,2009-11-02,Citrus Nursery Stock Pest Cleanliness Program.,"An act to add Article 3 (commencing with Section 6940) to Chapter 2 of Part 3 of Division 4 of the Food and Agricultural Code, relating to nurseries, and declaring the urgency thereof, to take effect immediately.",0,,2009-11-02,"Chaptered by Secretary of State. Chapter 639, Statutes of 2009.",https://legiscan.com/CA/bill/SB140/2009,http://www.leginfo.ca.gov/cgi-bin/postquery?bill_number=sb_140&sess=0910&house=S,add,added,"Article 3 (commencing with Section 6940) to Chapter 2 of Part 3 of Division 4 of the Food and Agricultural Code, relating to nurseries, and declaring the urgency thereof, to take effect immediately.","added Article 3 (commencing with Section 6940) to Chapter 2 of Part 3 of Division 4 of the Food and Agricultural Code, relating to nurseries, and declaring the urgency thereof, to take effect immediately.",2009
2105,69529,30,AB1890,4,Passed,2010-08-27,Property: lost and unclaimed.,"An act to amend Section 2080.8 of, and to repeal Section 2080.9 of, the Civil Code, relating to property.",0,,2010-08-27,"Chaptered by Secretary of State - Chapter 199, Statutes of 2010.",https://legiscan.com/CA/bill/AB1890/2009,http://www.leginfo.ca.gov/cgi-bin/postquery?bill_number=ab_1890&sess=0910&house=A,amend,amended,"Section 2080.8 of, and to repeal Section 2080.9 of, the Civil Code, relating to property.","amended Section 2080.8 of, and to repeal Section 2080.9 of, the Civil Code, relating to property.",2010
4027,62563,30,SB548,4,Passed,2009-10-11,California Disabled Veteran Business Enterprise Program.,"An act to amend Section 999.5 of the Military and Veterans Code, relating to veterans.",0,,2009-10-11,"Chaptered by Secretary of State. Chapter 595, Statutes of 2009.",https://legiscan.com/CA/bill/SB548/2009,http://www.leginfo.ca.gov/cgi-bin/postquery?bill_number=sb_548&sess=0910&house=S,amend,amended,"Section 999.5 of the Military and Veterans Code, relating to veterans.","amended Section 999.5 of the Military and Veterans Code, relating to veterans.",2009
4803,71628,30,SB1253,4,Passed,2010-07-06,Probation: sex offenders.,"An act to amend Section 1203.066 of the Penal Code, relating to probation.",0,,2010-07-06,"Chaptered by Secretary of State. Chapter 49, Statutes of 2010.",https://legiscan.com/CA/bill/SB1253/2009,http://www.leginfo.ca.gov/cgi-bin/postquery?bill_number=sb_1253&sess=0910&house=S,amend,amended,"Section 1203.066 of the Penal Code, relating to probation.","amended Section 1203.066 of the Penal Code, relating to probation.",2010
3493,62113,30,SB98,4,Passed,2009-10-11,Life insurance: contracts and viatical settlements.,"An act to amend Section 10110.1 of, to add Sections 10113.3 and 10113.35 to, and to repeal and add Sections 10113.1 and 10113.2 of, the Insurance Code, relating to life insurance.",0,,2009-10-11,"Chaptered by Secretary of State. Chapter 343, Statutes of 2009.",https://legiscan.com/CA/bill/SB98/2009,http://www.leginfo.ca.gov/cgi-bin/postquery?bill_number=sb_98&sess=0910&house=S,amend,amended,"Section 10110.1 of, to add Sections 10113.3 and 10113.35 to, and to repeal and add Sections 10113.1 and 10113.2 of, the Insurance Code, relating to life insurance.","amended Section 10110.1 of, to add Sections 10113.3 and 10113.35 to, and to repeal and add Sections 10113.1 and 10113.2 of, the Insurance Code, relating to life insurance.",2009
1672,61325,30,AB1457,4,Passed,2009-10-11,Long-term health care facilities: admission contracts.,"An act to amend Section 1599.64 of, and to add Section 1599.645 to, the Health and Safety Code, relating to long-term health care facilities.",0,,2009-10-11,"Chaptered by Secretary of State - Chapter 532, Statutes of 2009.",https://legiscan.com/CA/bill/AB1457/2009,http://www.leginfo.ca.gov/cgi-bin/postquery?bill_number=ab_1457&sess=0910&house=A,amend,amended,"Section 1599.64 of, and to add Section 1599.645 to, the Health and Safety Code, relating to long-term health care facilities.","amended Section 1599.64 of, and to add Section 1599.645 to, the Health and Safety Code, relating to long-term health care facilities.",2009
1611,61264,30,AB1396,4,Passed,2009-10-11,Elections: Democratic Party.,"An act to repeal and add Chapter 3 (commencing with Section 7150) of Part 2 of Division 7 of the Elections Code, relating to elections.",0,,2009-10-11,"Chaptered by Secretary of State - Chapter 392, Statutes of 2009.",https://legiscan.com/CA/bill/AB1396/2009,http://www.leginfo.ca.gov/cgi-bin/postquery?bill_number=ab_1396&sess=0910&house=A,repeal,repealed,"and add Chapter 3 (commencing with Section 7150) of Part 2 of Division 7 of the Elections Code, relating to elections.","repealed and add Chapter 3 (commencing with Section 7150) of Part 2 of Division 7 of the Elections Code, relating to elections.",2009
1881,61534,30,AB1666,4,Passed,2010-07-15,Local government: whistleblower hotline.,"An act to amend Section 53087.6 of the Government Code, relating to local government.",0,,2010-07-15,"Chaptered by Secretary of State - Chapter 80, Statutes of 2010.",https://legiscan.com/CA/bill/AB1666/2009,http://www.leginfo.ca.gov/cgi-bin/postquery?bill_number=ab_1666&sess=0910&house=A,amend,amended,"Section 53087.6 of the Government Code, relating to local government.","amended Section 53087.6 of the Government Code, relating to local government.",2010
4591,63610,30,SB1041,4,Passed,2010-07-15,Hearsay evidence: wills and revocable trusts.,"An act to amend Section 1260 of the Evidence Code, relating to hearsay evidence.",0,,2010-07-15,"Chaptered by Secretary of State. Chapter 106, Statutes of 2010.",https://legiscan.com/CA/bill/SB1041/2009,http://www.leginfo.ca.gov/cgi-bin/postquery?bill_number=sb_1041&sess=0910&house=S,amend,amended,"Section 1260 of the Evidence Code, relating to hearsay evidence.","amended Section 1260 of the Evidence Code, relating to hearsay evidence.",2010
1588,61241,30,AB1373,4,Passed,2010-09-29,Advertising: grant deed copy services.,"An act to add Section 17537.10 to the Business and Professions Code, relating to advertising.",0,,2010-09-29,"Chaptered by Secretary of State - Chapter 533, Statutes of 2010.",https://legiscan.com/CA/bill/AB1373/2009,http://www.leginfo.ca.gov/cgi-bin/postquery?bill_number=ab_1373&sess=0910&house=A,add,added,"Section 17537.10 to the Business and Professions Code, relating to advertising.","added Section 17537.10 to the Business and Professions Code, relating to advertising.",2010
3008,77270,30,AB2793,4,Passed,2010-09-24,Alcoholic beverage control: advertising: club licenses:,"An act to amend Sections 24045.7 and 25503.42 of, and to add Section 23433.5 to, the Business and Professions Code, relating to alcoholic beverages.",0,,2010-09-24,"Chaptered by Secretary of State - Chapter 273, Statutes of 2010.",https://legiscan.com/CA/bill/AB2793/2009,http://www.leginfo.ca.gov/cgi-bin/postquery?bill_number=ab_2793&sess=0910&house=A,amend,amended,"Sections 24045.7 and 25503.42 of, and to add Section 23433.5 to, the Business and Professions Code, relating to alcoholic beverages.","amended Sections 24045.7 and 25503.42 of, and to add Section 23433.5 to, the Business and Professions Code, relating to alcoholic beverages.",2010
4963,71788,30,SB1413,4,Passed,2010-09-30,Schools: pupil nutrition: availability of tap water.,"An act to add Section 38086 to the Education Code, relating to schools.",0,,2010-09-30,"Chaptered by Secretary of State. Chapter 558, Statutes of 2010.",https://legiscan.com/CA/bill/SB1413/2009,http://www.leginfo.ca.gov/cgi-bin/postquery?bill_number=sb_1413&sess=0910&house=S,add,added,"Section 38086 to the Education Code, relating to schools.","added Section 38086 to the Education Code, relating to schools.",2010
4339,62845,30,SB830,4,Passed,2010-09-29,Recording crimes.,"An act to amend Section 653w of the Penal Code, relating to intellectual property.",0,,2010-09-29,"Chaptered by Secretary of State. Chapter 480, Statutes of 2010.",https://legiscan.com/CA/bill/SB830/2009,http://www.leginfo.ca.gov/cgi-bin/postquery?bill_number=sb_830&sess=0910&house=S,amend,amended,"Section 653w of the Penal Code, relating to intellectual property.","amended Section 653w of the Penal Code, relating to intellectual property.",2010
2559,71175,30,AB2344,4,Passed,2010-08-27,Nursing: approved schools.,"An act to amend Section 2786 of the Business and Professions Code, relating to nursing.",0,,2010-08-27,"Chaptered by Secretary of State - Chapter 208, Statutes of 2010.",https://legiscan.com/CA/bill/AB2344/2009,http://www.leginfo.ca.gov/cgi-bin/postquery?bill_number=ab_2344&sess=0910&house=A,amend,amended,"Section 2786 of the Business and Professions Code, relating to nursing.","amended Section 2786 of the Business and Professions Code, relating to nursing.",2010
2126,69550,30,AB1911,4,Passed,2010-07-19,Ronald Reagan Centennial Commission.,"An act to add Chapter 7.5 (commencing with Section 6750) to Division 7 of Title 1 of the Government Code, relating to the Ronald Reagan Centennial Commission, and declaring the urgency thereof, to take effect immediately.",0,,2010-07-19,"Chaptered by Secretary of State - Chapter 121, Statutes of 2010.",https://legiscan.com/CA/bill/AB1911/2009,http://www.leginfo.ca.gov/cgi-bin/postquery?bill_number=ab_1911&sess=0910&house=A,add,added,"Chapter 7.5 (commencing with Section 6750) to Division 7 of Title 1 of the Government Code, relating to the Ronald Reagan Centennial Commission, and declaring the urgency thereof, to take effect immediately.","added Chapter 7.5 (commencing with Section 6750) to Division 7 of Title 1 of the Government Code, relating to the Ronald Reagan Centennial Commission, and declaring the urgency thereof, to take effect immediately.",2010
1963,63363,30,AB1748,4,Passed,2010-07-15,Alcoholic beverage control: public schoolhouses.,"An act to amend Section 25608 of the Business and Professions Code, relating to alcoholic beverages.",0,,2010-07-15,"Chaptered by Secretary of State - Chapter 84, Statutes of 2010.",https://legiscan.com/CA/bill/AB1748/2009,http://www.leginfo.ca.gov/cgi-bin/postquery?bill_number=ab_1748&sess=0910&house=A,amend,amended,"Section 25608 of the Business and Professions Code, relating to alcoholic beverages.","amended Section 25608 of the Business and Professions Code, relating to alcoholic beverages.",2010
4957,71782,30,SB1407,4,Passed,2010-09-30,Insurance: State Compensation Insurance Fund:,"An act to amend Section 11797 of the Insurance Code, relating to insurance.",0,,2010-09-30,"Chaptered by Secretary of State. Chapter 651, Statutes of 2010.",https://legiscan.com/CA/bill/SB1407/2009,http://www.leginfo.ca.gov/cgi-bin/postquery?bill_number=sb_1407&sess=0910&house=S,amend,amended,"Section 11797 of the Insurance Code, relating to insurance.","amended Section 11797 of the Insurance Code, relating to insurance.",2010
3508,62126,30,SB111,4,Passed,2009-10-11,Mobilehome Residency Law.,"An act to amend Section 798.44 of, to amend and renumber Sections 798.29.5, 798.38, 798.40, and 798.42 of, to amend and renumber the heading of Article 4 (commencing with Section 798.30) of Chapter 2.5 of Title 2 of Part 2 of Division 2 of, and to add the heading of Article 4 (commencing with Section 798.40) to Chapter 2.5 of Title 2 of Part 2 of Division 2 of, the Civil Code, relating to mobilehome parks.",0,,2009-10-11,"Chaptered by Secretary of State. Chapter 558, Statutes of 2009.",https://legiscan.com/CA/bill/SB111/2009,http://www.leginfo.ca.gov/cgi-bin/postquery?bill_number=sb_111&sess=0910&house=S,amend,amended,"Section 798.44 of, to amend and renumber Sections 798.29.5, 798.38, 798.40, and 798.42 of, to amend and renumber the heading of Article 4 (commencing with Section 798.30) of Chapter 2.5 of Title 2 of Part 2 of Division 2 of, and to add the heading of Article 4 (commencing with Section 798.40) to Chapter 2.5 of Title 2 of Part 2 of Division 2 of, the Civil Code, relating to mobilehome parks.","amended Section 798.44 of, to amend and renumber Sections 798.29.5, 798.38, 798.40, and 798.42 of, to amend and renumber the heading of Article 4 (commencing with Section 798.30) of Chapter 2.5 of Title 2 of Part 2 of Division 2 of, and to add the heading of Article 4 (commencing with Section 798.40) to Chapter 2.5 of Title 2 of Part 2 of Division 2 of, the Civil Code, relating to mobilehome parks.",2009
375,60170,30,AB302,4,Passed,2010-09-27,Deadly weapons: prohibited persons: reports.,"An act to amend Section 8103 of the Welfare and Institutions Code, relating to deadly weapons.",0,,2010-09-27,"Chaptered by Secretary of State - Chapter 344, Statutes of 2010.",https://legiscan.com/CA/bill/AB302/2009,http://www.leginfo.ca.gov/cgi-bin/postquery?bill_number=ab_302&sess=0910&house=A,amend,amended,"Section 8103 of the Welfare and Institutions Code, relating to deadly weapons.","amended Section 8103 of the Welfare and Institutions Code, relating to deadly weapons.",2010
2416,70785,30,AB2201,4,Passed,2010-09-24,Horse racing: harness racing: the Cane Pace.,"An act to amend Section 19596 of the Business and Professions Code, relating to horse racing.",0,,2010-09-24,"Chaptered by Secretary of State - Chapter 253, Statutes of 2010.",https://legiscan.com/CA/bill/AB2201/2009,http://www.leginfo.ca.gov/cgi-bin/postquery?bill_number=ab_2201&sess=0910&house=A,amend,amended,"Section 19596 of the Business and Professions Code, relating to horse racing.","amended Section 19596 of the Business and Professions Code, relating to horse racing.",2010
4270,62796,30,SB781,4,Passed,2009-10-11,Eviction procedure.,"An act to add Section 1569.683 to the Health and Safety Code, relating to residential care facilities for the elderly.",0,,2009-10-11,"Chaptered by Secretary of State. Chapter 617, Statutes of 2009.",https://legiscan.com/CA/bill/SB781/2009,http://www.leginfo.ca.gov/cgi-bin/postquery?bill_number=sb_781&sess=0910&house=S,add,added,"Section 1569.683 to the Health and Safety Code, relating to residential care facilities for the elderly.","added Section 1569.683 to the Health and Safety Code, relating to residential care facilities for the elderly.",2009
2070,63576,30,AB1855,4,Passed,2010-08-27,Vehicles: disabled person or disabled veteran placard.,"An act to amend Section 22511.55 of the Vehicle Code, relating to vehicles.",0,,2010-08-27,"Chaptered by Secretary of State - Chapter 196, Statutes of 2010.",https://legiscan.com/CA/bill/AB1855/2009,http://www.leginfo.ca.gov/cgi-bin/postquery?bill_number=ab_1855&sess=0910&house=A,amend,amended,"Section 22511.55 of the Vehicle Code, relating to vehicles.","amended Section 22511.55 of the Vehicle Code, relating to vehicles.",2010
549,60268,30,AB400,4,Passed,2009-10-11,State agencies: FISCal funds.,"An act to amend Section 15849.20 of, and to add Section 15849.23 to, the Government Code, relating to state funds, and making an appropriation therefor.",0,,2009-10-11,"Chaptered by Secretary of State - Chapter 440, Statutes of 2009.",https://legiscan.com/CA/bill/AB400/2009,http://www.leginfo.ca.gov/cgi-bin/postquery?bill_number=ab_400&sess=0910&house=A,amend,amended,"Section 15849.20 of, and to add Section 15849.23 to, the Government Code, relating to state funds, and making an appropriation therefor.","amended Section 15849.20 of, and to add Section 15849.23 to, the Government Code, relating to state funds, and making an appropriation therefor.",2009
2797,71413,30,AB2582,4,Passed,2010-07-15,Infractions: dismissal of charge.,"An act to amend Section 1203.4a of the Penal Code, relating to criminal procedure.",0,,2010-07-15,"Chaptered by Secretary of State - Chapter 99, Statutes of 2010.",https://legiscan.com/CA/bill/AB2582/2009,http://www.leginfo.ca.gov/cgi-bin/postquery?bill_number=ab_2582&sess=0910&house=A,amend,amended,"Section 1203.4a of the Penal Code, relating to criminal procedure.","amended Section 1203.4a of the Penal Code, relating to criminal procedure.",2010
2904,71520,30,AB2689,4,Passed,2010-07-06,Rabies vaccinations.,"An act to amend Section 121690 of the Health and Safety Code, relating to public health, and declaring the urgency thereof, to take effect immediately.",0,,2010-07-06,"Chaptered by Secretary of State - Chapter 45, Statutes of 2010.",https://legiscan.com/CA/bill/AB2689/2009,http://www.leginfo.ca.gov/cgi-bin/postquery?bill_number=ab_2689&sess=0910&house=A,amend,amended,"Section 121690 of the Health and Safety Code, relating to public health, and declaring the urgency thereof, to take effect immediately.","amended Section 121690 of the Health and Safety Code, relating to public health, and declaring the urgency thereof, to take effect immediately.",2010
2302,70671,30,AB2087,4,Passed,2010-09-29,Veterans' farm and home purchases: definition: home.,"An act to amend Section 987.53 of the Military and Veterans Code, relating to veterans.",0,,2010-09-29,"Chaptered by Secretary of State - Chapter 542, Statutes of 2010.",https://legiscan.com/CA/bill/AB2087/2009,http://www.leginfo.ca.gov/cgi-bin/postquery?bill_number=ab_2087&sess=0910&house=A,amend,amended,"Section 987.53 of the Military and Veterans Code, relating to veterans.","amended Section 987.53 of the Military and Veterans Code, relating to veterans.",2010
2901,71517,30,AB2686,4,Passed,2010-09-27,Organic products: county agricultural commissioners:,"An act to amend Section 46017 of the Food and Agricultural Code, relating to organic products.",0,,2010-09-27,"Chaptered by Secretary of State - Chapter 395, Statutes of 2010.",https://legiscan.com/CA/bill/AB2686/2009,http://www.leginfo.ca.gov/cgi-bin/postquery?bill_number=ab_2686&sess=0910&house=A,amend,amended,"Section 46017 of the Food and Agricultural Code, relating to organic products.","amended Section 46017 of the Food and Agricultural Code, relating to organic products.",2010
211,60006,30,AB138,4,Passed,2009-10-11,Accounting firms: peer review.,"An act to amend and repeal Section 5076 of, and to add and repeal Section 5076.1 of, the Business and Professions Code, relating to accountants.",0,,2009-10-11,"Chaptered by Secretary of State - Chapter 312, Statutes of 2009.",https://legiscan.com/CA/bill/AB138/2009,http://www.leginfo.ca.gov/cgi-bin/postquery?bill_number=ab_138&sess=0910&house=A,amend,amended,"and repeal Section 5076 of, and to add and repeal Section 5076.1 of, the Business and Professions Code, relating to accountants.","amended and repeal Section 5076 of, and to add and repeal Section 5076.1 of, the Business and Professions Code, relating to accountants.",2009
3658,62266,30,SB251,4,Passed,2009-10-11,Housing and community development: housing omnibus bill.,"An act to amend Sections 65584.05 and 66412 of the Government Code, to amend Sections 18031.7, 18062.9, 33334.14, and 53545.9 of the Health and Safety Code, and to amend Sections 3692.4, 12206, 17058, and 23610.5 of the Revenue and Taxation Code, relating to housing.",0,,2009-10-11,"Chaptered by Secretary of State. Chapter 632, Statutes of 2009.",https://legiscan.com/CA/bill/SB251/2009,http://www.leginfo.ca.gov/cgi-bin/postquery?bill_number=sb_251&sess=0910&house=S,amend,amended,"Sections 65584.05 and 66412 of the Government Code, to amend Sections 18031.7, 18062.9, 33334.14, and 53545.9 of the Health and Safety Code, and to amend Sections 3692.4, 12206, 17058, and 23610.5 of the Revenue and Taxation Code, relating to housing.","amended Sections 65584.05 and 66412 of the Government Code, to amend Sections 18031.7, 18062.9, 33334.14, and 53545.9 of the Health and Safety Code, and to amend Sections 3692.4, 12206, 17058, and 23610.5 of the Revenue and Taxation Code, relating to housing.",2009
4794,71619,30,SB1244,4,Passed,2010-09-29,Employment: taxes and contributions: limited liability,"An act to amend Sections 621 and 13009 of, and to add Sections 623 and 928.7 to, the Unemployment Insurance Code, relating to employment taxes, and making an appropriation therefor.",0,,2010-09-29,"Chaptered by Secretary of State. Chapter 522, Statutes of 2010.",https://legiscan.com/CA/bill/SB1244/2009,http://www.leginfo.ca.gov/cgi-bin/postquery?bill_number=sb_1244&sess=0910&house=S,amend,amended,"Sections 621 and 13009 of, and to add Sections 623 and 928.7 to, the Unemployment Insurance Code, relating to employment taxes, and making an appropriation therefor.","amended Sections 621 and 13009 of, and to add Sections 623 and 928.7 to, the Unemployment Insurance Code, relating to employment taxes, and making an appropriation therefor.",2010
4867,71692,30,SB1317,4,Passed,2010-09-30,Truancy.,"An act to add Section 48263.6 to the Education Code, and to add Section 270.1 to the Penal Code, relating to truancy.",0,,2010-09-30,"Chaptered by Secretary of State. Chapter 647, Statutes of 2010.",https://legiscan.com/CA/bill/SB1317/2009,http://www.leginfo.ca.gov/cgi-bin/postquery?bill_number=sb_1317&sess=0910&house=S,add,added,"Section 48263.6 to the Education Code, and to add Section 270.1 to the Penal Code, relating to truancy.","added Section 48263.6 to the Education Code, and to add Section 270.1 to the Penal Code, relating to truancy.",2010
378,60173,30,AB305,4,Passed,2009-10-11,Hazardous materials: statute of limitations: penalties.,"An act to amend Section 338.1 of the Code of Civil Procedure, and to amend Section 25515 of the Health and Safety Code, relating to hazardous materials.",0,,2009-10-11,"Chaptered by Secretary of State - Chapter 429, Statutes of 2009.",https://legiscan.com/CA/bill/AB305/2009,http://www.leginfo.ca.gov/cgi-bin/postquery?bill_number=ab_305&sess=0910&house=A,amend,amended,"Section 338.1 of the Code of Civil Procedure, and to amend Section 25515 of the Health and Safety Code, relating to hazardous materials.","amended Section 338.1 of the Code of Civil Procedure, and to amend Section 25515 of the Health and Safety Code, relating to hazardous materials.",2009
157,61783,30,ABX89,4,Passed,2010-03-22,Transportation finance.,"An act to amend Section 16965 of the Government Code, to amend Sections 99312, 99314.6, and 99315 of the Public Utilities Code, to add Sections 7102.1 and 7104.4 to, to add and repeal Section 7103.1 of, and to repeal Section 7103 of, the Revenue and Taxation Code, and to amend Sections 183.1 and 2103 of the Streets and Highways Code, relating to transportation, and making an appropriation therefor.",0,,2010-03-22,"Chaptered by Secretary of State. Chapter 12, Statutes of 2009-10 Eighth Extraordinary Session.",https://legiscan.com/CA/bill/ABX89/2009,http://www.leginfo.ca.gov/cgi-bin/postquery?bill_number=abx8_9&sess=0910&house=A,amend,amended,"Section 16965 of the Government Code, to amend Sections 99312, 99314.6, and 99315 of the Public Utilities Code, to add Sections 7102.1 and 7104.4 to, to add and repeal Section 7103.1 of, and to repeal Section 7103 of, the Revenue and Taxation Code, and to amend Sections 183.1 and 2103 of the Streets and Highways Code, relating to transportation, and making an appropriation therefor.","amended Section 16965 of the Government Code, to amend Sections 99312, 99314.6, and 99315 of the Public Utilities Code, to add Sections 7102.1 and 7104.4 to, to add and repeal Section 7103.1 of, and to repeal Section 7103 of, the Revenue and Taxation Code, and to amend Sections 183.1 and 2103 of the Streets and Highways Code, relating to transportation, and making an appropriation therefor.",2010
80,59916,30,AB48,4,Passed,2009-10-11,Private postsecondary education: California Private,"An act to amend Sections 27, 101, 146, 149, and 473.1 of the Business and Professions Code, to add Chapter 8.5 (commencing with Section 95000) to, and to add and repeal Chapter 8 (commencing with Section 94800) of, Part 59 of Division 10 of Title 3 of the Education Code, relating to private postsecondary education, and making an appropriation therefor.",0,,2009-10-11,"Chaptered by Secretary of State - Chapter 310, Statutes of 2009.",https://legiscan.com/CA/bill/AB48/2009,http://www.leginfo.ca.gov/cgi-bin/postquery?bill_number=ab_48&sess=0910&house=A,amend,amended,"Sections 27, 101, 146, 149, and 473.1 of the Business and Professions Code, to add Chapter 8.5 (commencing with Section 95000) to, and to add and repeal Chapter 8 (commencing with Section 94800) of, Part 59 of Division 10 of Title 3 of the Education Code, relating to private postsecondary education, and making an appropriation therefor.","amended Sections 27, 101, 146, 149, and 473.1 of the Business and Professions Code, to add Chapter 8.5 (commencing with Section 95000) to, and to add and repeal Chapter 8 (commencing with Section 94800) of, Part 59 of Division 10 of Title 3 of the Education Code, relating to private postsecondary education, and making an appropriation therefor.",2009
749,60441,30,AB573,4,Passed,2009-08-06,California Council on Science and Technology: fellows.,"An act to add Section 8924.5 to the Government Code, relating to the Legislature, and declaring the urgency thereof, to take effect immediately.",0,,2009-08-06,"Chaptered by Secretary of State - Chapter 117, Statutes of 2009.",https://legiscan.com/CA/bill/AB573/2009,http://www.leginfo.ca.gov/cgi-bin/postquery?bill_number=ab_573&sess=0910&house=A,add,added,"Section 8924.5 to the Government Code, relating to the Legislature, and declaring the urgency thereof, to take effect immediately.","added Section 8924.5 to the Government Code, relating to the Legislature, and declaring the urgency thereof, to take effect immediately.",2009
2676,71292,30,AB2461,4,Passed,2010-09-27,Vehicles: vehicle registration amnesty program.,"An act to amend Sections 4750.1 and 9565 of the Vehicle Code, relating to vehicles.",0,,2010-09-27,"Chaptered by Secretary of State - Chapter 388, Statutes of 2010.",https://legiscan.com/CA/bill/AB2461/2009,http://www.leginfo.ca.gov/cgi-bin/postquery?bill_number=ab_2461&sess=0910&house=A,amend,amended,"Sections 4750.1 and 9565 of the Vehicle Code, relating to vehicles.","amended Sections 4750.1 and 9565 of the Vehicle Code, relating to vehicles.",2010
4915,71740,30,SB1365,4,Passed,2010-09-27,Public safety: consumer products.,"An act to amend Section 108555 of the Health and Safety Code, relating to public safety.",0,,2010-09-27,"Chaptered by Secretary of State. Chapter 331, Statutes of 2010.",https://legiscan.com/CA/bill/SB1365/2009,http://www.leginfo.ca.gov/cgi-bin/postquery?bill_number=sb_1365&sess=0910&house=S,amend,amended,"Section 108555 of the Health and Safety Code, relating to public safety.","amended Section 108555 of the Health and Safety Code, relating to public safety.",2010
295,60090,30,AB222,4,Passed,2010-09-29,Child care.,"An act to amend Sections 1596.616 and 1596.656 of the Health and Safety Code, relating to child care, and declaring the urgency thereof, to take effect immediately.",0,,2010-09-29,"Chaptered by Secretary of State - Chapter 431, Statutes of 2010.",https://legiscan.com/CA/bill/AB222/2009,http://www.leginfo.ca.gov/cgi-bin/postquery?bill_number=ab_222&sess=0910&house=A,amend,amended,"Sections 1596.616 and 1596.656 of the Health and Safety Code, relating to child care, and declaring the urgency thereof, to take effect immediately.","amended Sections 1596.616 and 1596.656 of the Health and Safety Code, relating to child care, and declaring the urgency thereof, to take effect immediately.",2010
2517,71133,30,AB2302,4,Passed,2010-09-29,Postsecondary education: student transfer.,"An act to add Sections 66721.4, 66721.8, and 66739.6 to the Education Code, relating to postsecondary education.",0,,2010-09-29,"Chaptered by Secretary of State - Chapter 427, Statutes of 2010.",https://legiscan.com/CA/bill/AB2302/2009,http://www.leginfo.ca.gov/cgi-bin/postquery?bill_number=ab_2302&sess=0910&house=A,add,added,"Sections 66721.4, 66721.8, and 66739.6 to the Education Code, relating to postsecondary education.","added Sections 66721.4, 66721.8, and 66739.6 to the Education Code, relating to postsecondary education.",2010
1170,60823,30,AB955,4,Passed,2009-10-11,Public Safety Officers Procedural Bill of Rights Act:,"An act to amend Section 3304 of the Government Code, relating to public safety officers.",0,,2009-10-11,"Chaptered by Secretary of State - Chapter 494, Statutes of 2009.",https://legiscan.com/CA/bill/AB955/2009,http://www.leginfo.ca.gov/cgi-bin/postquery?bill_number=ab_955&sess=0910&house=A,amend,amended,"Section 3304 of the Government Code, relating to public safety officers.","amended Section 3304 of the Government Code, relating to public safety officers.",2009
1729,61382,30,AB1514,4,Passed,2010-07-15,Political Reform Act of 1974: reporting.,"An act to amend Section 84218 of the Government Code, relating to the Political Reform Act of 1974.",0,,2010-07-15,"Chaptered by Secretary of State - Chapter 77, Statutes of 2010.",https://legiscan.com/CA/bill/AB1514/2009,http://www.leginfo.ca.gov/cgi-bin/postquery?bill_number=ab_1514&sess=0910&house=A,amend,amended,"Section 84218 of the Government Code, relating to the Political Reform Act of 1974.","amended Section 84218 of the Government Code, relating to the Political Reform Act of 1974.",2010
910,60597,30,AB729,4,Passed,2009-10-11,Public contracts: transit design-build contracts.,"An act to amend Sections 20209.12 and 20209.14 of the Public Contract Code, relating to public contracts.",0,,2009-10-11,"Chaptered by Secretary of State - Chapter 466, Statutes of 2009.",https://legiscan.com/CA/bill/AB729/2009,http://www.leginfo.ca.gov/cgi-bin/postquery?bill_number=ab_729&sess=0910&house=A,amend,amended,"Sections 20209.12 and 20209.14 of the Public Contract Code, relating to public contracts.","amended Sections 20209.12 and 20209.14 of the Public Contract Code, relating to public contracts.",2009
312,60107,30,AB239,4,Passed,2009-10-11,Teacher credentialing.,"An act to amend Sections 44253.3, 44325, 44326, 44328, 44398, 44399, and 44830.3 of, and to repeal Sections 44329 and 44329.5 of, the Education Code, relating to teacher credentialing.",0,,2009-10-11,"Chaptered by Secretary of State - Chapter 316, Statutes of 2009.",https://legiscan.com/CA/bill/AB239/2009,http://www.leginfo.ca.gov/cgi-bin/postquery?bill_number=ab_239&sess=0910&house=A,amend,amended,"Sections 44253.3, 44325, 44326, 44328, 44398, 44399, and 44830.3 of, and to repeal Sections 44329 and 44329.5 of, the Education Code, relating to teacher credentialing.","amended Sections 44253.3, 44325, 44326, 44328, 44398, 44399, and 44830.3 of, and to repeal Sections 44329 and 44329.5 of, the Education Code, relating to teacher credentialing.",2009
